INSERT INTO Fornecedor (idFornecedor, nome, CNPJ, CPF) VALUES
(1, 'Sementes Paulista Ltda', '12.345.678/0001-90', NULL),
(2, 'Agro Sementes ME', '98.765.432/0001-10', NULL),
(3, 'João Silva', NULL, '123.456.789-00'),
(4, 'Fazenda Boa Esperança', '11.222.333/0001-44', NULL),
(5, 'Sementes Premium', '55.666.777/0001-88', NULL),
(6, 'Maria Oliveira', NULL, '987.654.321-00'),
(7, 'Agropecuária Norte', '33.444.555/0001-66', NULL),
(8, 'Carlos Santos', NULL, '456.789.123-00'),
(9, 'Sementes Sul Brasil', '77.888.999/0001-22', NULL),
(10, 'Fazenda Verde', '44.555.666/0001-33', NULL),
(11, 'Ana Pereira', NULL, '321.654.987-00'),
(12, 'Sementes Qualidade', '66.777.888/0001-99', NULL),
(13, 'Pedro Costa', NULL, '654.987.321-00'),
(14, 'Agro Sementes Centro', '22.333.444/0001-55', NULL),
(15, 'Fazenda Sol Nascente', '88.999.000/0001-11', NULL),
(16, 'Luiza Fernandes', NULL, '789.123.456-00'),
(17, 'Sementes Naturais', '99.000.111/0001-77', NULL),
(18, 'Roberto Alves', NULL, '147.258.369-00'),
(19, 'Agro Sementes Oeste', '00.111.222/0001-33', NULL),
(20, 'Fazenda Paraíso', '66.777.888/0001-44', NULL),
(21, 'Sementes Cerrado', '23.456.789/0001-12', NULL),
(22, 'Antônio Nunes', NULL, '258.369.147-00'),
(23, 'Agro Flora', '34.567.890/0001-23', NULL),
(24, 'Juliana Mendes', NULL, '369.147.258-00'),
(25, 'Sementes Tropical', '45.678.901/0001-34', NULL),
(26, 'Fazenda Nova Geração', '56.789.012/0001-45', NULL),
(27, 'Ricardo Souza', NULL, '471.582.693-00'),
(28, 'Agro Vida', '67.890.123/0001-56', NULL),
(29, 'Sementes Forte', '78.901.234/0001-67', NULL),
(30, 'Fernanda Lima', NULL, '582.693.147-00'),
(31, 'Fazenda Progresso', '89.012.345/0001-78', NULL),
(32, 'Sementes Orgânicas', '90.123.456/0001-89', NULL),
(33, 'Marcos Oliveira', NULL, '693.147.258-00'),
(34, 'Agro Tech', '01.234.567/0001-90', NULL),
(35, 'Sementes Premium Gold', '12.345.679/0001-01', NULL);

INSERT INTO Telefone (idTelefone, numero) VALUES
(1, '(11) 9999-8888'), (2, '(21) 7777-6666'), (3, '(31) 5555-4444'),
(4, '(41) 3333-2222'), (5, '(51) 1111-0000'), (6, '(11) 2222-3333'),
(7, '(21) 4444-5555'), (8, '(31) 6666-7777'), (9, '(41) 8888-9999'),
(10, '(51) 0000-1111'), (11, '(11) 1234-5678'), (12, '(21) 2345-6789'),
(13, '(31) 3456-7890'), (14, '(41) 4567-8901'), (15, '(51) 5678-9012'),
(16, '(11) 6789-0123'), (17, '(21) 7890-1234'), (18, '(31) 8901-2345'),
(19, '(41) 9012-3456'), (20, '(51) 0123-4567'), (21, '(11) 3456-7890'),
(22, '(21) 4567-8901'), (23, '(31) 5678-9012'), (24, '(41) 6789-0123'),
(25, '(51) 7890-1234'), (26, '(11) 8901-2345'), (27, '(21) 9012-3456'),
(28, '(31) 0123-4567'), (29, '(41) 1234-5678'), (30, '(51) 2345-6789'),
(31, '(11) 4567-8901'), (32, '(21) 5678-9012'), (33, '(31) 6789-0123'),
(34, '(41) 7890-1234'), (35, '(51) 8901-2345');

INSERT INTO Distribuidor (idDistribuidor, dataDistrib, quantDistrib, localEntrega) VALUES
(1, '2024-01-15 08:00:00', 500.00, 'Armazém Central'),
(2, '2024-01-20 09:30:00', 750.50, 'Armazém Norte'),
(3, '2024-02-05 14:15:00', 300.25, 'Armazém Sul'),
(4, '2024-02-10 10:00:00', 600.75, 'Armazém Leste'),
(5, '2024-02-25 11:45:00', 450.00, 'Armazém Oeste'),
(6, '2024-03-05 08:30:00', 800.00, 'Armazém Central'),
(7, '2024-03-12 13:20:00', 350.50, 'Armazém Norte'),
(8, '2024-03-18 15:00:00', 900.25, 'Armazém Sul'),
(9, '2024-04-02 09:15:00', 550.75, 'Armazém Leste'),
(10, '2024-04-10 16:30:00', 400.00, 'Armazém Oeste'),
(11, '2024-04-22 07:45:00', 650.50, 'Armazém Central'),
(12, '2024-05-05 12:00:00', 700.25, 'Armazém Norte'),
(13, '2024-05-15 14:45:00', 480.75, 'Armazém Sul'),
(14, '2024-05-25 10:30:00', 850.00, 'Armazém Leste'),
(15, '2024-06-03 11:15:00', 520.50, 'Armazém Oeste'),
(16, '2024-06-12 08:00:00', 780.25, 'Armazém Central'),
(17, '2024-06-20 13:30:00', 620.75, 'Armazém Norte'),
(18, '2024-07-01 15:45:00', 950.00, 'Armazém Sul'),
(19, '2024-07-10 09:00:00', 580.50, 'Armazém Leste'),
(20, '2024-07-18 16:15:00', 720.25, 'Armazém Oeste'),
(21, '2024-08-05 08:30:00', 680.00, 'Armazém Central'),
(22, '2024-08-12 14:20:00', 420.75, 'Armazém Norte'),
(23, '2024-08-25 10:45:00', 880.50, 'Armazém Sul'),
(24, '2024-09-03 16:00:00', 540.25, 'Armazém Leste'),
(25, '2024-09-15 09:15:00', 760.00, 'Armazém Oeste'),
(26, '2024-09-28 13:30:00', 390.75, 'Armazém Central'),
(27, '2024-10-10 11:45:00', 920.50, 'Armazém Norte'),
(28, '2024-10-22 15:00:00', 580.25, 'Armazém Sul'),
(29, '2024-11-05 08:15:00', 670.00, 'Armazém Leste'),
(30, '2024-11-18 14:30:00', 490.75, 'Armazém Oeste'),
(31, '2024-12-02 10:45:00', 830.50, 'Armazém Central'),
(32, '2024-12-15 16:00:00', 710.25, 'Armazém Norte'),
(33, '2024-12-28 09:15:00', 560.00, 'Armazém Sul'),
(34, '2025-01-10 13:30:00', 890.75, 'Armazém Leste'),
(35, '2025-01-25 11:45:00', 640.50, 'Armazém Oeste');

INSERT INTO Sementes (idSementes, origem, nomeComum, nomeCientifico, Distribuidor_idDistribuidor) VALUES
(1, 'Nacional', 'Milho', 'Zea mays', 1),
(2, 'Importado', 'Soja', 'Glycine max', 2),
(3, 'Nacional', 'Feijão', 'Phaseolus vulgaris', 3),
(4, 'Nacional', 'Arroz', 'Oryza sativa', 4),
(5, 'Importado', 'Trigo', 'Triticum aestivum', 5),
(6, 'Nacional', 'Cevada', 'Hordeum vulgare', 6),
(7, 'Importado', 'Aveia', 'Avena sativa', 7),
(8, 'Nacional', 'Girassol', 'Helianthus annuus', 8),
(9, 'Nacional', 'Algodão', 'Gossypium hirsutum', 9),
(10, 'Importado', 'Café', 'Coffea arabica', 10),
(11, 'Nacional', 'Cana-de-açúcar', 'Saccharum officinarum', 11),
(12, 'Nacional', 'Mamona', 'Ricinus communis', 12),
(13, 'Importado', 'Amendoim', 'Arachis hypogaea', 13),
(14, 'Nacional', 'Sorgo', 'Sorghum bicolor', 14),
(15, 'Nacional', 'Centeio', 'Secale cereale', 15),
(16, 'Importado', 'Linhaça', 'Linum usitatissimum', 16),
(17, 'Nacional', 'Gergelim', 'Sesamum indicum', 17),
(18, 'Nacional', 'Inhame', 'Dioscorea spp', 18),
(19, 'Importado', 'Cacau', 'Theobroma cacao', 19),
(20, 'Nacional', 'Mandioca', 'Manihot esculenta', 20),
(21, 'Nacional', 'Abóbora', 'Cucurbita pepo', 21),
(22, 'Importado', 'Melancia', 'Citrullus lanatus', 22),
(23, 'Nacional', 'Tomate', 'Solanum lycopersicum', 23),
(24, 'Nacional', 'Pimentão', 'Capsicum annuum', 24),
(25, 'Importado', 'Cenoura', 'Daucus carota', 25),
(26, 'Nacional', 'Alface', 'Lactuca sativa', 26),
(27, 'Nacional', 'Repolho', 'Brassica oleracea', 27),
(28, 'Importado', 'Brócolis', 'Brassica oleracea', 28),
(29, 'Nacional', 'Couve-flor', 'Brassica oleracea', 29),
(30, 'Nacional', 'Rabanete', 'Raphanus sativus', 30),
(31, 'Importado', 'Beterraba', 'Beta vulgaris', 31),
(32, 'Nacional', 'Espinafre', 'Spinacia oleracea', 32),
(33, 'Nacional', 'Salsa', 'Petroselinum crispum', 33),
(34, 'Importado', 'Coentro', 'Coriandrum sativum', 34),
(35, 'Nacional', 'Manjericão', 'Ocimum basilicum', 35);

INSERT INTO Estoque (idEstoque, quantDisponivel, quantSaida) VALUES
(1, 1000, 200), (2, 1500, 300), (3, 800, 150), (4, 1200, 250), (5, 900, 180),
(6, 2000, 400), (7, 750, 120), (8, 1800, 350), (9, 1100, 220), (10, 950, 190),
(11, 1300, 260), (12, 1700, 340), (13, 850, 170), (14, 1400, 280), (15, 1600, 320),
(16, 1250, 250), (17, 1900, 380), (18, 1050, 210), (19, 1750, 350), (20, 1350, 270),
(21, 1450, 290), (22, 1650, 330), (23, 1150, 230), (24, 1950, 390), (25, 1550, 310),
(26, 1850, 370), (27, 2050, 410), (28, 925, 185), (29, 1425, 285), (30, 1625, 325),
(31, 1225, 245), (32, 1825, 365), (33, 1025, 205), (34, 1725, 345), (35, 1325, 265);

INSERT INTO Lote (idLote, precUnit, dataAquisic, dataValid, quantReceb, Estoque_idEstoque, Sementes_idSementes, Sementes_Distribuidor_idDistribuidor, Fornecedor_idFornecedor) VALUES
(1, 50.00, '2024-01-10 10:00:00', '2024-12-31', 500, 1, 1, 1, 1),
(2, 75.00, '2024-01-18 14:30:00', '2024-12-31', 750, 2, 2, 2, 2),
(3, 40.00, '2024-02-01 09:15:00', '2024-11-30', 300, 3, 3, 3, 3),
(4, 60.00, '2024-02-08 11:20:00', '2024-10-31', 600, 4, 4, 4, 4),
(5, 55.00, '2024-02-20 16:45:00', '2024-09-30', 450, 5, 5, 5, 5),
(6, 80.00, '2024-03-03 08:30:00', '2024-08-31', 800, 6, 6, 6, 6),
(7, 45.00, '2024-03-10 13:10:00', '2024-07-31', 350, 7, 7, 7, 7),
(8, 90.00, '2024-03-15 15:30:00', '2024-06-30', 900, 8, 8, 8, 8),
(9, 65.00, '2024-03-30 10:45:00', '2024-05-31', 550, 9, 9, 9, 9),
(10, 50.00, '2024-04-08 17:00:00', '2024-04-30', 400, 10, 10, 10, 10),
(11, 70.00, '2024-04-20 07:20:00', '2024-03-31', 650, 11, 11, 11, 11),
(12, 75.00, '2024-05-03 12:15:00', '2024-02-28', 700, 12, 12, 12, 12),
(13, 55.00, '2024-05-12 14:50:00', '2024-01-31', 480, 13, 13, 13, 13),
(14, 85.00, '2024-05-22 10:35:00', '2024-12-31', 850, 14, 14, 14, 14),
(15, 60.00, '2024-06-01 11:25:00', '2024-11-30', 520, 15, 15, 15, 15),
(16, 78.00, '2024-06-10 08:10:00', '2024-10-31', 780, 16, 16, 16, 16),
(17, 62.00, '2024-06-18 13:40:00', '2024-09-30', 620, 17, 17, 17, 17),
(18, 95.00, '2024-06-28 15:55:00', '2024-08-31', 950, 18, 18, 18, 18),
(19, 58.00, '2024-07-08 09:05:00', '2024-07-31', 580, 19, 19, 19, 19),
(20, 72.00, '2024-07-15 16:25:00', '2024-06-30', 720, 20, 20, 20, 20),
(21, 68.00, '2024-08-01 10:30:00', '2024-12-15', 680, 21, 21, 21, 21),
(22, 42.00, '2024-08-10 14:15:00', '2024-11-20', 420, 22, 22, 22, 22),
(23, 88.00, '2024-08-22 09:45:00', '2024-10-25', 880, 23, 23, 23, 23),
(24, 54.00, '2024-09-01 15:20:00', '2024-09-30', 540, 24, 24, 24, 24),
(25, 76.00, '2024-09-12 11:10:00', '2024-08-31', 760, 25, 25, 25, 25),
(26, 39.00, '2024-09-25 13:50:00', '2024-07-31', 390, 26, 26, 26, 26),
(27, 92.00, '2024-10-08 08:25:00', '2024-06-30', 920, 27, 27, 27, 27),
(28, 58.00, '2024-10-20 16:40:00', '2024-05-31', 580, 28, 28, 28, 28),
(29, 67.00, '2024-11-03 10:55:00', '2024-04-30', 670, 29, 29, 29, 29),
(30, 49.00, '2024-11-15 14:30:00', '2024-03-31', 490, 30, 30, 30, 30),
(31, 83.00, '2024-11-28 09:15:00', '2024-02-28', 830, 31, 31, 31, 31),
(32, 71.00, '2024-12-12 12:45:00', '2024-01-31', 710, 32, 32, 32, 32),
(33, 56.00, '2024-12-26 15:20:00', '2024-12-31', 560, 33, 33, 33, 33),
(34, 89.00, '2025-01-08 08:35:00', '2025-06-30', 890, 34, 34, 34, 34),
(35, 64.00, '2025-01-22 11:50:00', '2025-05-31', 640, 35, 35, 35, 35);

INSERT INTO Localizacao (idLocalizacao, nome, latitude, longitude) VALUES
(1, 'São Paulo', -23.550520, -46.633308), (2, 'Rio de Janeiro', -22.906847, -43.172896),
(3, 'Belo Horizonte', -19.916681, -43.934493), (4, 'Curitiba', -25.428954, -49.267137),
(5, 'Porto Alegre', -30.036818, -51.208988), (6, 'Brasília', -15.779720, -47.929720),
(7, 'Salvador', -12.971780, -38.501820), (8, 'Fortaleza', -3.731862, -38.526670),
(9, 'Recife', -8.047562, -34.877034), (10, 'Manaus', -3.101944, -60.025000),
(11, 'Goiânia', -16.686882, -49.264794), (12, 'Campinas', -22.905639, -47.060838),
(13, 'São Luís', -2.530731, -44.306396), (14, 'Maceió', -9.665989, -35.735657),
(15, 'Natal', -5.779257, -35.200916), (16, 'João Pessoa', -7.119495, -34.845012),
(17, 'Teresina', -5.092393, -42.803750), (18, 'Aracaju', -10.947246, -37.073082),
(19, 'Cuiabá', -15.601755, -56.098327), (20, 'Florianópolis', -27.595377, -48.548050),
(21, 'Vitória', -20.315500, -40.312800), (22, 'Belém', -1.455400, -48.490200),
(23, 'Macapá', 0.034900, -51.069500), (24, 'Porto Velho', -8.761800, -63.903900),
(25, 'Boa Vista', 2.819500, -60.671400), (26, 'Rio Branco', -9.974700, -67.810300),
(27, 'Palmas', -10.184400, -48.333600), (28, 'Campo Grande', -20.469700, -54.620200),
(29, 'São José dos Campos', -23.189600, -45.884500), (30, 'Ribeirão Preto', -21.169600, -47.810500),
(31, 'Uberlândia', -18.917000, -48.274200), (32, 'Sorocaba', -23.501700, -47.458100),
(33, 'Londrina', -23.304500, -51.169600), (34, 'Joinville', -26.304500, -48.848700),
(35, 'Caxias do Sul', -29.168200, -51.179400);

INSERT INTO Armazem (idArmazem, nome, capacMax, responsavel, Distribuidor_idDistribuidor, Localizacao_idLocalizacao) VALUES
(1, 'Armazém Central SP', 5000, 'Carlos Silva', 1, 1),
(2, 'Armazém Norte RJ', 4000, 'Ana Santos', 2, 2),
(3, 'Armazém Sul BH', 3500, 'Pedro Oliveira', 3, 3),
(4, 'Armazém Leste CWB', 4500, 'Maria Costa', 4, 4),
(5, 'Armazém Oeste POA', 3000, 'João Pereira', 5, 5),
(6, 'Armazém Centro BSB', 6000, 'Paula Rodrigues', 6, 6),
(7, 'Armazém Nordeste SSA', 3200, 'Lucas Almeida', 7, 7),
(8, 'Armazém Norte FOR', 3800, 'Julia Fernandes', 8, 8),
(9, 'Armazém Litoral REC', 4200, 'Marcos Souza', 9, 9),
(10, 'Armazém Norte MAN', 2800, 'Fernanda Lima', 10, 10),
(11, 'Armazém Centro GYN', 4700, 'Ricardo Barbosa', 11, 11),
(12, 'Armazém Interior CPQ', 3900, 'Camila Rocha', 12, 12),
(13, 'Armazém Norte SLZ', 3400, 'Bruno Carvalho', 13, 13),
(14, 'Armazém Nordeste MCZ', 3600, 'Patrícia Nunes', 14, 14),
(15, 'Armazém Leste NAT', 3100, 'Diego Martins', 15, 15),
(16, 'Armazém Nordeste JPA', 3300, 'Amanda Correia', 16, 16),
(17, 'Armazém Norte TER', 2900, 'Roberto Dias', 17, 17),
(18, 'Armazém Nordeste AJU', 3700, 'Larissa Monteiro', 18, 18),
(19, 'Armazém Centro CGB', 4100, 'Thiago Castro', 19, 19),
(20, 'Armazém Sul FLN', 4400, 'Vanessa Cardoso', 20, 20),
(21, 'Armazém Leste VIX', 3500, 'Guilherme Neves', 21, 21),
(22, 'Armazém Norte BEL', 4100, 'Rafaela Borges', 22, 22),
(23, 'Armazém Zero MCP', 3300, 'Eduardo Gomes', 23, 23),
(24, 'Armazém Oeste PVH', 4800, 'Mariana Ferreira', 24, 24),
(25, 'Armazém Extremo Norte BVB', 2700, 'Alexandre Siqueira', 25, 25),
(26, 'Armazém Acre RBR', 3000, 'Cristina Vieira', 26, 26),
(27, 'Armazém Sul PAL', 5200, 'Felipe Duarte', 27, 27),
(28, 'Armazém Mato CGD', 4300, 'Bianca Rocha', 28, 28),
(29, 'Armazém Vale SJC', 3600, 'Márcio Cunha', 29, 29),
(30, 'Armazém Interior RPO', 4000, 'Renata Bastos', 30, 30),
(31, 'Armazém Triângulo UDL', 4500, 'Sérgio Nogueira', 31, 31),
(32, 'Armazém Paulista SOR', 3700, 'Tatiane Melo', 32, 32),
(33, 'Armazém Sul LON', 4900, 'Victor Hugo', 33, 33),
(34, 'Armazém Catarinense JOI', 3200, 'Zélia Ramos', 34, 34),
(35, 'Armazém Serra CXL', 3800, 'Leonardo Paz', 35, 35);

INSERT INTO Endereco (idEndereco, rua, bairro, numero, cidade, CEP, UF) VALUES
(1, 'Rua das Flores', 'Centro', 100, 'São Paulo', '01234-567', 'SP'),
(2, 'Avenida Brasil', 'Jardins', 200, 'Rio de Janeiro', '22345-678', 'RJ'),
(3, 'Rua Amazonas', 'Savassi', 300, 'Belo Horizonte', '30123-456', 'MG'),
(4, 'Avenida Silva Jardim', 'Batel', 400, 'Curitiba', '80240-000', 'PR'),
(5, 'Rua dos Andradas', 'Centro Histórico', 500, 'Porto Alegre', '90020-000', 'RS'),
(6, 'Quadra 100', 'Asa Sul', 600, 'Brasília', '70390-100', 'DF'),
(7, 'Avenida Sete', 'Comércio', 700, 'Salvador', '40015-000', 'BA'),
(8, 'Rua Major Facundo', 'Centro', 800, 'Fortaleza', '60025-000', 'CE'),
(9, 'Rua do Sol', 'Santo Antônio', 900, 'Recife', '50010-000', 'PE'),
(10, 'Avenida Eduardo Ribeiro', 'Centro', 1000, 'Manaus', '69010-000', 'AM'),
(11, 'Rua 7', 'Setor Oeste', 1100, 'Goiânia', '74130-000', 'GO'),
(12, 'Rua Barão de Jaguara', 'Centro', 1200, 'Campinas', '13015-000', 'SP'),
(13, 'Rua do Passeio', 'Centro', 1300, 'São Luís', '65010-000', 'MA'),
(14, 'Avenida da Paz', 'Jaraguá', 1400, 'Maceió', '57022-000', 'AL'),
(15, 'Avenida Hermes da Fonseca', 'Tirol', 1500, 'Natal', '59015-000', 'RN'),
(16, 'Avenida Epitácio Pessoa', 'Tambau', 1600, 'João Pessoa', '58039-000', 'PB'),
(17, 'Rua Areolino de Abreu', 'Centro', 1700, 'Teresina', '64000-000', 'PI'),
(18, 'Avenida Ivo do Prado', 'Centro', 1800, 'Aracaju', '49010-000', 'SE'),
(19, 'Rua Galdino Pimentel', 'Porto', 1900, 'Cuiabá', '78010-000', 'MT'),
(20, 'Rua Felipe Schmidt', 'Centro', 2000, 'Florianópolis', '88010-000', 'SC'),
(21, 'Rua Sete de Setembro', 'Centro', 2100, 'Vitória', '29000-010', 'ES'),
(22, 'Avenida Presidente Vargas', 'Campina', 2200, 'Belém', '66000-020', 'PA'),
(23, 'Avenida Ernestino Borges', 'Central', 2300, 'Macapá', '68900-030', 'AP'),
(24, 'Avenida Sete de Setembro', 'Centro', 2400, 'Porto Velho', '76800-040', 'RO'),
(25, 'Avenida Capitão Ene Garcez', 'São Francisco', 2500, 'Boa Vista', '69300-050', 'RR'),
(26, 'Via Chico Mendes', 'Centro', 2600, 'Rio Branco', '69900-060', 'AC'),
(27, 'Quadra 104 Sul', 'Plano Diretor Sul', 2700, 'Palmas', '77000-070', 'TO'),
(28, 'Rua 13 de Maio', 'Centro', 2800, 'Campo Grande', '79000-080', 'MS'),
(29, 'Avenida Nove de Julho', 'Jardim das Américas', 2900, 'São José dos Campos', '12200-090', 'SP'),
(30, 'Avenida Caramuru', 'Jardim Sumaré', 3000, 'Ribeirão Preto', '14000-100', 'SP'),
(31, 'Avenida Rondon Pacheco', 'Lídice', 3100, 'Uberlândia', '38400-110', 'MG'),
(32, 'Avenida Antônio Carlos Comitre', 'Campolim', 3200, 'Sorocaba', '18000-120', 'SP'),
(33, 'Avenida Paraná', 'Centro', 3300, 'Londrina', '86000-130', 'PR'),
(34, 'Rua do Príncipe', 'Centro', 3400, 'Joinville', '89200-140', 'SC'),
(35, 'Avenida Júlio de Castilhos', 'Centro', 3500, 'Caxias do Sul', '95000-150', 'RS');

INSERT INTO Cliente (idCliente, CPF, CNPJ, tipo, Telefone_idTelefone, Endereco_idEndereco, nome) VALUES
(1, '111.222.333-44', NULL, 'Pessoa Física', 1, 1, 'José da Silva'),
(2, NULL, '11.111.111/0001-11', 'Pessoa Jurídica', 2, 2, 'Fazenda Esperança Ltda'),
(3, '222.333.444-55', NULL, 'Pessoa Física', 3, 3, 'Maria Oliveira Santos'),
(4, NULL, '22.222.222/0001-22', 'Pessoa Jurídica', 4, 4, 'Agropecuária São João'),
(5, '333.444.555-66', NULL, 'Pessoa Física', 5, 5, 'Carlos Eduardo Lima'),
(6, NULL, '33.333.333/0001-33', 'Pessoa Jurídica', 6, 6, 'Cooperativa Agrícola Central'),
(7, '444.555.666-77', NULL, 'Pessoa Física', 7, 7, 'Ana Paula Costa'),
(8, NULL, '44.444.444/0001-44', 'Pessoa Jurídica', 8, 8, 'Sítio Boa Vista ME'),
(9, '555.666.777-88', NULL, 'Pessoa Física', 9, 9, 'Roberto Alves Pereira'),
(10, NULL, '55.555.555/0001-55', 'Pessoa Jurídica', 10, 10, 'Chácara Recanto Doce'),
(11, '666.777.888-99', NULL, 'Pessoa Física', 11, 11, 'Fernanda Souza Rocha'),
(12, NULL, '66.666.666/0001-66', 'Pessoa Jurídica', 12, 12, 'Fazenda Nova Aliança'),
(13, '777.888.999-00', NULL, 'Pessoa Física', 13, 13, 'Paulo César Mendes'),
(14, NULL, '77.777.777/0001-77', 'Pessoa Jurídica', 14, 14, 'Agro Indústria Progresso'),
(15, '888.999.000-11', NULL, 'Pessoa Física', 15, 15, 'Luciana Ferreira Dias'),
(16, NULL, '88.888.888/0001-88', 'Pessoa Jurídica', 16, 16, 'Sítio Paraíso Verde'),
(17, '999.000.111-22', NULL, 'Pessoa Física', 17, 17, 'Ricardo Nogueira Silva'),
(18, NULL, '99.999.999/0001-99', 'Pessoa Jurídica', 18, 18, 'Fazenda Sol Nascente'),
(19, '000.111.222-33', NULL, 'Pessoa Física', 19, 19, 'Tatiana Monteiro Castro'),
(20, NULL, '00.000.000/0001-00', 'Pessoa Jurídica', 20, 20, 'Chácara Bela Vista'),
(21, '112.233.445-66', NULL, 'Pessoa Física', 21, 21, 'Márcia Almeida'),
(22, NULL, '12.233.445/0001-77', 'Pessoa Jurídica', 22, 22, 'Agropecuária Delta'),
(23, '234.567.890-12', NULL, 'Pessoa Física', 23, 23, 'Fernando Barbosa'),
(24, NULL, '34.567.890/0001-23', 'Pessoa Jurídica', 24, 24, 'Sítio do Ipê'),
(25, '345.678.901-23', NULL, 'Pessoa Física', 25, 25, 'Patrícia Rocha'),
(26, NULL, '45.678.901/0001-34', 'Pessoa Jurídica', 26, 26, 'Fazenda Ouro Verde'),
(27, '456.789.012-34', NULL, 'Pessoa Física', 27, 27, 'Gustavo Martins'),
(28, NULL, '56.789.012/0001-45', 'Pessoa Jurídica', 28, 28, 'Cooperativa Terra Nova'),
(29, '567.890.123-45', NULL, 'Pessoa Física', 29, 29, 'Helena Vianna'),
(30, NULL, '67.890.123/0001-56', 'Pessoa Jurídica', 30, 30, 'Chácara do Sol'),
(31, '678.901.234-56', NULL, 'Pessoa Física', 31, 31, 'Vinícius Gomes'),
(32, NULL, '78.901.234/0001-67', 'Pessoa Jurídica', 32, 32, 'Agro Sul'),
(33, '789.012.345-67', NULL, 'Pessoa Física', 33, 33, 'Larissa Mendes'),
(34, NULL, '89.012.345/0001-78', 'Pessoa Jurídica', 34, 34, 'Fazenda Rio Grande'),
(35, '890.123.456-78', NULL, 'Pessoa Física', 35, 35, 'Thiago Duarte');

INSERT INTO Pedido (idPedido, dataPedido, status) VALUES
(1, '2024-01-05 09:00:00', 'Entregue'),
(2, '2024-01-12 14:30:00', 'Entregue'),
(3, '2024-01-25 10:15:00', 'Entregue'),
(4, '2024-02-03 16:45:00', 'Entregue'),
(5, '2024-02-14 11:20:00', 'Entregue'),
(6, '2024-02-28 08:30:00', 'Entregue'),
(7, '2024-03-08 13:10:00', 'Entregue'),
(8, '2024-03-20 15:25:00', 'Entregue'),
(9, '2024-04-02 09:50:00', 'Entregue'),
(10, '2024-04-15 17:00:00', 'Entregue'),
(11, '2024-04-25 07:45:00', 'Processando'),
(12, '2024-05-07 12:30:00', 'Processando'),
(13, '2024-05-18 14:15:00', 'Processando'),
(14, '2024-05-29 10:40:00', 'Processando'),
(15, '2024-06-10 11:55:00', 'Processando'),
(16, '2024-06-21 08:20:00', 'Pendente'),
(17, '2024-07-03 13:35:00', 'Pendente'),
(18, '2024-07-15 15:50:00', 'Pendente'),
(19, '2024-07-26 09:25:00', 'Pendente'),
(20, '2024-08-05 16:10:00', 'Pendente'),
(21, '2024-08-15 10:00:00', 'Entregue'),
(22, '2024-08-28 14:40:00', 'Processando'),
(23, '2024-09-07 09:30:00', 'Pendente'),
(24, '2024-09-20 16:15:00', 'Entregue'),
(25, '2024-10-01 11:00:00', 'Processando'),
(26, '2024-10-14 13:50:00', 'Pendente'),
(27, '2024-10-25 08:40:00', 'Entregue'),
(28, '2024-11-08 15:20:00', 'Processando'),
(29, '2024-11-20 10:10:00', 'Pendente'),
(30, '2024-12-03 17:30:00', 'Entregue'),
(31, '2024-12-16 09:05:00', 'Processando'),
(32, '2024-12-29 14:55:00', 'Pendente'),
(33, '2025-01-12 11:15:00', 'Entregue'),
(34, '2025-01-25 16:25:00', 'Processando'),
(35, '2025-02-07 10:35:00', 'Pendente');

INSERT INTO Fornecedor_has_Distribuidor (Fornecedor_idFornecedor, Distribuidor_idDistribuidor) VALUES
(1, 1), (1, 2), (1, 3), (2, 4), (2, 5),
(3, 6), (3, 7), (4, 8), (4, 9), (5, 10),
(5, 11), (6, 12), (6, 13), (7, 14), (7, 15),
(8, 16), (8, 17), (9, 18), (9, 19), (10, 20),
(11, 21), (11, 22), (12, 23), (12, 24), (13, 25),
(14, 26), (14, 27), (15, 28), (15, 29), (16, 30),
(17, 31), (17, 32), (18, 33), (19, 34), (20, 35);

INSERT INTO Estoque_has_Armazem (Estoque_idEstoque, Armazem_idArmazem, Armazem_Distribuidor_idDistribuidor) VALUES
(1, 1, 1), (2, 2, 2), (3, 3, 3), (4, 4, 4), (5, 5, 5),
(6, 6, 6), (7, 7, 7), (8, 8, 8), (9, 9, 9), (10, 10, 10),
(11, 11, 11), (12, 12, 12), (13, 13, 13), (14, 14, 14), (15, 15, 15),
(16, 16, 16), (17, 17, 17), (18, 18, 18), (19, 19, 19), (20, 20, 20),
(21, 21, 21), (22, 22, 22), (23, 23, 23), (24, 24, 24), (25, 25, 25),
(26, 26, 26), (27, 27, 27), (28, 28, 28), (29, 29, 29), (30, 30, 30),
(31, 31, 31), (32, 32, 32), (33, 33, 33), (34, 34, 34), (35, 35, 35);

INSERT INTO Cliente_has_Pedido (Cliente_idCliente, Pedido_idPedido) VALUES
(1, 1), (2, 2), (3, 3), (4, 4), (5, 5),
(6, 6), (7, 7), (8, 8), (9, 9), (10, 10),
(11, 11), (12, 12), (13, 13), (14, 14), (15, 15),
(16, 16), (17, 17), (18, 18), (19, 19), (20, 20),
(21, 21), (22, 22), (23, 23), (24, 24), (25, 25),
(26, 26), (27, 27), (28, 28), (29, 29), (30, 30),
(31, 31), (32, 32), (33, 33), (34, 34), (35, 35);

INSERT INTO itemPedido (iditemPedido, quantPedida, precoUnitario, Pedido_idPedido, Lote_idLote) VALUES
(1, 100, 50.00, 1, 1), (2, 150, 75.00, 2, 2), (3, 80, 40.00, 3, 3),
(4, 120, 60.00, 4, 4), (5, 90, 55.00, 5, 5), (6, 160, 80.00, 6, 6),
(7, 70, 45.00, 7, 7), (8, 180, 90.00, 8, 8), (9, 110, 65.00, 9, 9),
(10, 80, 50.00, 10, 10), (11, 130, 70.00, 11, 11), (12, 140, 75.00, 12, 12),
(13, 96, 55.00, 13, 13), (14, 170, 85.00, 14, 14), (15, 104, 60.00, 15, 15),
(16, 156, 78.00, 16, 16), (17, 124, 62.00, 17, 17), (18, 190, 95.00, 18, 18),
(19, 116, 58.00, 19, 19), (20, 144, 72.00, 20, 20), (21, 135, 68.00, 21, 21),
(22, 85, 42.00, 22, 22), (23, 175, 88.00, 23, 23), (24, 108, 54.00, 24, 24),
(25, 152, 76.00, 25, 25), (26, 78, 39.00, 26, 26), (27, 184, 92.00, 27, 27),
(28, 115, 58.00, 28, 28), (29, 134, 67.00, 29, 29), (30, 98, 49.00, 30, 30),
(31, 166, 83.00, 31, 31), (32, 142, 71.00, 32, 32), (33, 112, 56.00, 33, 33),
(34, 178, 89.00, 34, 34), (35, 128, 64.00, 35, 35);